<beans xmlns="http://www.springframework.org/schema/beans"
	xmlns:xsi="http://www.w3.org/2001/XMLSchema-instance" xmlns:context="http://www.springframework.org/schema/context"
	xsi:schemaLocation="http://www.springframework.org/schema/beans
     http://www.springframework.org/schema/beans/spring-beans-3.0.xsd
     http://www.springframework.org/schema/context
     http://www.springframework.org/schema/context/spring-context-3.0.xsd" default-init-method="init" default-destroy-method="destroy">
<!-- 	
<bean id="triangle" class="com.test.Triangle" init-method="init" destroy-method="destroy"></bean> -->
	<bean id="triangle" class="com.test.Triangle"></bean> 
	 
<bean class="com.test.Bpp">

</bean>	 
	 
		 
<bean class="com.test.BFPP">

</bean>	 
	  
	 
</beans>